id,coname,conamememo,diploma,yearno,ty,pici,一本线,lastplannum,lastlqnum,lastsegmenttotalman,2019一本线,lastzypingxing,is985,is211,isyan,is11c,is11s,collegelevel,collegetype,province,banxuetype,zscode,specialtynum,specialtynum3,xdenji,2020最低投挡线,minscoregailv_2020_xh,minscoregailv_2020_4,minscoregailv_2020_3,minscoregailv_2020_1,2020招生计划,2020招生计划变化,2020最高分,2020最低分,2020线差,2020位次,2019最高分,2019最低分,2019线差,2019位次,2018线差,2018位次,2017线差,2017位次,2016线差,2016位次,2015线差,2015位次
68153,清华大学,(北京),本科,2020,文科,本科第一批次,343,1,1,20,339,1,1,1,1,1,1,A+,理工,北京,公办,3103,2,29,A+A,423,427,427,419,427,2,1,0,423,80,0,411,411,72,1,77,0,86,0,55,0,66,5
68144,北京大学,,本科,2020,文科,本科第一批次,343,18,20,4,339,20,1,1,1,1,1,A+,综合,北京,公办,3101,16,122,A+A,417,420,420,420,420,28,10,0,417,74,34,420,409,70,26,71,0,72,28,52,30,58,29
67687,浙江大学,(杭州),本科,2020,文科,本科第一批次,343,39,35,60,339,35,1,1,1,1,1,A+,综合,浙江,公办,2201,6,39,AA,402,400,400,400,400,41,2,0,402,59,344,400,390,51,452,50,450,50,398,35,425,37,496
67571,复旦大学,(上海),本科,2020,文科,本科第一批次,343,25,16,8,339,16,1,1,1,1,1,A+,综合,上海,公办,2101,12,76,A+A,410,414,413,414,413,25,0,0,410,67,112,408,405,66,61,62,85,64,79,47,71,49,120
67056,南京大学,,本科,2020,文科,本科第一批次,343,135,179,51,339,179,1,1,1,1,1,A+,综合,江苏,公办,1101,6,123,AA,0,401,401,401,401,121,-14,0,403,60,296,403,391,52,401,51,397,51,361,36,373,38,438
68806,华中科技大学,(武汉),本科,2020,文科,本科第一批次,343,32,32,108,339,32,1,1,1,1,1,A+,综合,湖北,公办,5202,8,120,AB+,392,392,392,392,392,31,-1,0,392,49,1066,388,383,44,966,41,1131,40,1068,25,1314,24,1713
67579,上海交通大学,,本科,2020,文科,本科第一批次,343,3,2,5,339,2,1,1,1,1,1,A+,综合,上海,公办,2103,1,42,AA,413,421,421,419,421,2,-1,0,413,70,68,411,410,71,21,60,114,74,24,46,85,46,181
68802,武汉大学,,本科,2020,文科,本科第一批次,343,42,42,63,339,42,1,1,1,1,1,A+,综合,湖北,公办,5201,11,128,AB+,400,398,398,398,398,40,-2,0,400,57,436,410,388,49,575,49,507,47,548,33,540,36,561
68548,吉林大学,(长春),本科,2020,文科,本科第一批次,343,34,34,159,339,34,1,1,1,1,1,A+,综合,吉林,公办,4201,11,59,"历史A,另一门B+",387,385,385,385,385,39,5,0,387,44,1694,385,376,37,1816,36,1839,33,1942,22,1761,18,2747
69037,中山大学,(广州),本科,2020,文科,本科第一批次,343,28,28,76,339,28,1,1,1,1,1,A+,综合,广东,公办,5401,13,129,AA,396,396,396,396,396,27,-1,0,396,53,692,394,386,47,728,45,772,45,670,30,785,32,836
69173,四川大学,(成都),本科,2020,文科,本科第一批次,343,38,37,108,339,37,1,1,1,1,1,A+,综合,四川,公办,6101,13,140,AA,393,392,392,392,392,39,1,0,393,50,957,388,382,43,1074,41,1131,41,972,26,1197,27,1324
68623,哈尔滨工业大学,,本科,2020,文科,本科第一批次,343,8,8,159,339,8,1,1,1,1,1,A+,理工,黑龙江,公办,4301,6,50,AA,386,386,386,386,386,12,4,0,386,43,1859,382,376,37,1816,38,1534,34,1756,20,2097,18,2747
69384,西安交通大学,,本科,2020,文科,本科第一批次,343,2,3,273,339,3,1,1,1,1,1,A+,综合,陕西,公办,7104,2,14,"历史A,另一门B",392,380,380,380,388,3,1,0,392,49,1066,375,369,30,3201,44,848,44,741,25,1314,25,1593
68024,山东大学,(济南),本科,2020,文科,本科第一批次,343,46,45,102,339,45,1,1,1,1,1,A+,综合,山东,公办,2601,13,135,AA,392,390,390,390,390,44,-2,0,392,49,1066,387,381,42,1182,40,1260,38,1261,25,1314,1,8292
68283,天津大学,,本科,2020,文科,本科第一批次,343,0,0,0,0,0,1,1,1,1,1,A+,理工,天津,公办,3202,1,23,,0,0,0,0,0,0,36077,0,0,0,0,0,0,0,0,0,0,0,0,0,0,28,1207
68918,中南大学,(长沙),本科,2020,文科,本科第一批次,343,24,23,141,339,23,1,1,1,1,1,A+,综合,湖南,公办,5302,5,71,AA,390,388,388,388,388,24,0,0,390,47,1300,382,378,39,1527,38,1534,36,1475,21,1920,17,2945
68280,南开大学,(天津),本科,2020,文科,本科第一批次,343,20,20,76,339,20,1,1,1,1,1,A+,综合,天津,公办,3201,5,63,AB+,397,396,396,396,396,22,2,0,397,54,620,390,386,47,728,46,686,45,670,30,785,32,836
68158,北京师范大学,,本科,2020,文科,本科第一批次,343,11,11,63,339,11,1,1,1,1,1,A+,师范,北京,公办,3104,6,42,AB+,401,398,398,398,398,15,4,0,401,58,392,398,389,50,512,48,583,46,602,32,617,33,754
67061,东南大学,(南京),本科,2020,文科,本科第一批次,343,42,47,76,339,47,1,1,1,1,1,A+,综合,江苏,公办,1102,3,41,"历史A,另一门B",0,396,396,396,396,40,-2,0,396,53,692,392,386,47,728,46,686,46,602,31,696,33,754
67887,厦门大学,,本科,2020,文科,本科第一批次,343,21,20,90,339,20,1,1,1,1,1,A+,综合,福建,公办,2411,10,100,AA,398,398,398,397,398,23,2,0,398,55,565,395,387,48,638,49,507,47,548,34,487,35,621
68164,北京航空航天大学,,本科,2020,文科,本科第一批次,343,0,0,0,0,0,1,1,1,1,1,A+,理工,北京,公办,3106,1,8,,0,0,0,0,0,0,36077,0,0,0,0,0,0,0,0,44,848,41,972,29,864,29,1104
67574,同济大学,(上海),本科,2020,文科,本科第一批次,343,17,17,44,339,17,1,1,1,1,1,A+,理工,上海,公办,2102,3,80,BB,399,403,402,402,402,17,0,0,399,56,511,408,394,55,270,53,313,48,489,35,425,38,438
69041,华南理工大学,(广州),本科,2020,文科,本科第一批次,343,11,11,122,339,11,1,1,1,1,1,A+,理工,广东,公办,5402,7,52,AB,392,388,388,388,388,11,0,0,392,49,1066,383,380,41,1284,40,1260,34,1756,16,2938,23,1882
68148,中国人民大学,(北京),本科,2020,文科,本科第一批次,343,31,31,22,339,31,1,1,1,1,1,A+,综合,北京,公办,3102,9,110,A+A,408,409,409,409,409,27,-4,0,408,65,143,407,400,61,128,58,154,59,135,43,138,40,346
68508,大连理工大学,,本科,2020,文科,本科第一批次,343,15,16,248,339,16,1,1,1,1,1,A+,理工,辽宁,公办,4131,3,41,AB,379,378,378,378,378,18,3,0,379,36,3107,378,368,29,3474,28,3417,26,3281,12,3964,10,4777
69374,西北工业大学,(西安),本科,2020,文科,本科第一批次,343,9,9,265,339,9,1,1,1,1,1,A,理工,陕西,公办,7102,2,37,AB,378,375,375,375,377,8,-1,0,378,35,3346,375,366,27,3975,28,3417,25,3539,13,3678,10,4777
68467,东北大学,(沈阳),本科,2020,文科,本科第一批次,343,9,9,253,339,9,1,1,1,1,1,A+,理工,辽宁,公办,4101,2,38,AB,376,376,376,376,376,10,1,0,376,33,3866,370,367,28,3722,26,3895,23,4011,10,4610,7,5791
69252,重庆大学,,本科,2020,文科,本科第一批次,343,15,15,121,339,15,1,1,1,1,1,A+,综合,重庆,公办,6201,7,84,"历史A,另一门B",390,389,389,389,389,15,0,0,390,47,1300,383,379,40,1406,40,1260,37,1375,24,1430,21,2189
68177,中国农业大学,(北京),本科,2020,文科,本科第一批次,343,5,5,273,339,5,1,1,1,1,1,A+,农林,北京,公办,3110,3,13,AB,365,378,378,378,378,5,0,0,365,22,7446,376,369,30,3201,31,2769,24,3778,13,3678,6,6164
69476,兰州大学,,本科,2020,文科,本科第一批次,343,42,42,265,339,42,1,1,1,1,1,A+,综合,甘肃,公办,7201,12,144,AB+,378,376,376,376,374,26,-16,0,378,35,3346,375,366,27,3975,24,4437,21,4554,10,4610,9,5085
67593,华东师范大学,(上海),本科,2020,文科,本科第一批次,343,44,46,63,339,46,1,1,1,1,1,A+,师范,上海,公办,2106,21,175,BB,398,397,397,397,397,45,1,0,398,55,565,401,388,49,575,46,686,45,670,30,785,32,836
67184,中国矿业大学,(徐州),本科,2020,文科,本科第一批次,343,48,48,339,339,48,0,1,1,0,0,A-,工科,江苏,公办,1221,2,37,B+B,0,371,371,370,370,51,3,0,372,29,4997,370,362,23,5215,20,5815,18,5523,7,5665,6,6164
67584,华东理工大学,(上海),本科,2020,文科,本科第一批次,343,66,66,209,339,66,0,1,1,0,1,A-,理工,上海,公办,2104,7,102,BB,379,381,381,381,381,66,0,0,379,36,3107,384,371,32,2754,32,2558,30,2444,18,2487,15,3396
68167,北京理工大学,,本科,2020,文科,本科第一批次,343,6,6,108,339,6,1,1,1,1,1,A+,理工,北京,公办,3107,1,33,AB,392,391,390,390,390,6,0,0,392,49,1066,387,382,43,1074,41,1131,36,1475,25,1314,24,1713
68171,北京科技大学,,本科,2020,文科,本科第一批次,343,15,15,253,339,15,0,1,1,0,1,A-,理工,北京,公办,3108,3,63,AB+,377,376,376,376,376,15,0,0,377,34,3623,375,367,28,3722,27,3638,24,3778,12,3964,12,4209
67234,苏州大学,,本科,2020,文科,本科第一批次,343,714,715,248,339,714,0,1,0,0,1,A-,综合,江苏,公办,1261,33,258,AB,378,378,378,378,378,709,-5,0,378,35,3346,384,368,29,3474,29,3185,26,3281,15,3146,16,3181
67411,苏州大学,,本科,2020,文科,本科第一批次,343,106,106,487,339,106,0,1,0,0,1,A-,综合,江苏,公办,1635,2,11,BB,366,362,362,362,362,102,-4,0,366,23,7039,369,355,16,7916,14,8204,6,10937,13,3678,14,3648
68178,中国地质大学(北京),,本科,2020,文科,本科第一批次,343,0,0,0,0,0,0,0,0,0,0,,工科,湖北,公办,3111,2,8,,0,0,0,0,0,0,36077,0,0,0,0,0,0,0,0,0,0,0,0,0,0,0,0
68826,武汉理工大学,,本科,2020,文科,本科第一批次,343,31,31,358,339,31,0,1,0,0,1,A-,理工,湖北,公办,5207,8,97,AB,372,373,373,373,373,30,-1,0,372,29,4997,370,364,25,4520,23,4733,20,4864,9,4937,3,7409
68916,湖南大学,(长沙),本科,2020,文科,本科第一批次,343,24,22,121,339,22,1,1,1,1,1,A,综合,湖南,公办,5301,14,105,B+B+,391,389,389,389,389,26,2,0,391,48,1175,383,379,40,1406,39,1393,38,1261,22,1761,25,1593
68686,郑州大学,,本科,2020,文科,本科第一批次,343,22,22,358,339,22,0,1,0,1,1,A-,综合,河南,公办,5101,5,120,AB,375,372,372,372,372,20,-2,0,375,32,4119,368,364,25,4520,23,4733,19,5199,5,6437,3,7409
67065,南京航空航天大学,,本科,2020,文科,本科第一批次,343,70,88,159,339,88,0,1,1,0,1,A-,理工,江苏,公办,1103,7,82,AB,0,386,386,386,386,95,25,0,384,41,2149,386,376,37,1816,36,1839,35,1595,25,1314,28,1207
67070,南京理工大学,,本科,2020,文科,本科第一批次,343,30,30,238,339,30,0,1,1,0,1,A-,理工,江苏,公办,1104,4,56,AB,0,382,382,380,381,30,0,0,378,35,3346,381,370,31,2963,32,2558,29,2625,18,2487,16,3181
69388,西安电子科技大学,,本科,2020,文科,本科第一批次,343,0,0,0,0,0,0,1,1,0,1,A,理工,陕西,公办,7105,1,3,,0,0,0,0,0,0,36077,0,0,0,0,0,0,0,0,0,0,0,0,0,0,2,7854
67083,南京农业大学,,本科,2020,文科,本科第一批次,343,149,165,280,339,165,0,1,1,0,1,A-,农林,江苏,公办,1107,12,168,AB,0,375,375,375,375,149,0,0,376,33,3866,380,365,26,4240,26,3895,24,3778,12,3964,11,4475
69372,西北大学,(西安),本科,2020,文科,本科第一批次,343,21,21,337,339,21,0,1,0,0,1,A-,综合,陕西,公办,7101,12,80,BB,373,372,372,372,372,24,3,0,373,30,4702,380,363,24,4878,23,4733,19,5199,8,5292,7,5791
67088,南京师范大学,,本科,2020,文科,本科第一批次,343,657,657,238,339,657,0,1,0,0,1,A-,师范,江苏,公办,1108,28,346,AB,0,381,381,380,381,675,18,0,380,37,2846,390,370,31,2963,32,2558,29,2625,16,2938,16,3181
67435,南京师范大学,,本科,2020,文科,本科第一批次,343,0,0,0,0,0,0,1,0,0,1,A-,师范,江苏,公办,1783,2,2,BB,358,360,360,360,361,24,36077,0,358,15,10603,0,0,0,0,18,6572,17,5879,0,0,0,0
67621,上海大学,,本科,2020,文科,本科第一批次,343,17,15,141,339,15,0,1,0,0,1,A-,综合,上海,公办,2112,5,29,BB,390,388,388,388,388,16,-1,0,0,0,0,383,378,39,1527,39,1393,35,1595,24,1430,17,2945
67624,上海大学,,本科,2020,文科,本科第一批次,343,6,6,148,339,6,0,1,0,0,1,A-,综合,上海,公办,2112,2,15,BB,343,388,388,388,388,8,2,0,343,0,18897,382,377,38,1668,39,1393,36,1475,0,0,0,0
69052,暨南大学,(广州),本科,2020,文科,本科第一批次,343,32,32,253,339,32,0,1,0,0,1,A-,综合,广东,公办,5407,6,76,AB,378,377,377,377,378,17,-15,0,378,35,3346,381,367,28,3722,28,3417,28,2840,15,3146,0,8773
69447,西北农林科技大学,(陕西杨凌),本科,2020,文科,本科第一批次,343,6,7,358,339,7,1,1,1,1,1,A+,农林,陕西,公办,7141,3,38,BB,373,374,374,374,374,6,0,0,373,30,4702,370,364,25,4520,20,5815,20,4864,6,6056,4,6965
69176,西南交通大学,(成都),本科,2020,文科,本科第一批次,343,28,28,337,339,28,0,1,1,0,1,A+,理工,四川,公办,6102,8,91,AB,374,372,372,372,372,25,-3,0,374,31,4401,366,363,24,4878,22,5059,19,5199,6,6056,9,5085
68811,华中农业大学,(武汉),本科,2020,文科,本科第一批次,343,18,18,336,339,18,0,1,0,0,1,A-,农林,湖北,公办,5204,3,73,B+B,370,368,368,368,368,19,1,0,370,27,5660,365,360,21,5927,19,6200,14,7054,5,6437,2,7854
67304,扬州大学,,本科,2020,文科,本科第一批次,343,695,696,533,339,696,0,0,0,0,0,B+,综合,江苏,公办,1381,28,177,BB,357,360,360,358,360,792,97,0,357,14,11103,369,348,9,11410,11,9597,9,9346,3,7328,5,6550
67430,扬州大学,,本科,2020,文科,本科第一批次,343,60,60,694,339,57,0,0,0,0,0,B+,综合,江苏,公办,1646,1,4,BC,343,348,348,348,348,60,0,0,343,0,18897,353,332,-7,21490,-10,22730,0,14645,0,0,0,0
68809,华中师范大学,(武汉),本科,2020,文科,本科第一批次,343,27,25,248,339,25,0,1,0,0,1,A-,师范,湖北,公办,5203,10,101,AB,378,378,378,378,377,29,2,0,378,35,3346,376,368,29,3474,27,3638,26,3281,13,3678,11,4475
68552,东北师范大学,(长春),本科,2020,文科,本科第一批次,343,3,3,280,339,3,0,1,1,0,1,A-,师范,吉林,公办,4202,2,57,AB,376,376,376,376,375,2,-1,0,376,33,3866,368,365,26,4240,19,6200,19,5199,6,6056,6,6164
68055,中国海洋大学,(青岛),本科,2020,文科,本科第一批次,343,13,12,186,339,12,1,1,0,1,1,A,综合,山东,公办,2621,7,69,AB,386,384,384,384,384,14,1,0,386,43,1859,383,375,36,1975,34,2177,31,2265,16,2938,15,3396
69060,华南师范大学,(广州),本科,2020,文科,本科第一批次,343,0,0,0,0,0,0,1,0,0,1,A-,师范,广东,公办,5413,3,4,BB,375,370,370,370,351,7,36077,0,375,32,4119,0,0,0,0,0,0,0,0,0,0,0,0
68406,山西大学,(太原),本科,2020,文科,本科第一批次,343,6,6,589,339,6,0,0,0,0,0,B+,综合,山西,公办,3401,6,102,B+B+,355,353,353,353,356,7,1,0,355,12,12101,348,344,5,13696,7,11633,6,10937,0,8781,0,8773
69044,华南农业大学,(广州),本科,2020,文科,本科第一批次,343,0,0,0,339,0,0,0,0,0,0,B+,农林,广东,公办,5403,1,12,,0,359,359,359,359,0,36077,0,0,0,0,0,0,0,0,5,12736,0,0,0,0,0,0
68921,湖南师范大学,(长沙),本科,2020,文科,本科第一批次,343,37,37,358,339,37,0,1,0,0,1,A-,师范,湖南,公办,5303,17,159,AB+,375,373,373,373,369,37,0,0,375,32,4119,372,364,25,4520,24,4437,9,9346,7,5665,5,6550
67099,南京工业大学,,本科,2020,文科,本科第一批次,343,449,482,611,339,482,0,0,0,0,0,A-,理工,江苏,公办,1110,17,118,BB,0,357,357,357,357,466,17,0,353,10,13139,360,346,7,12481,8,11096,6,10937,2,7788,3,7409
67446,南京工业大学,,本科,2020,文科,本科第一批次,343,0,0,0,0,0,0,0,0,0,0,A-,理工,江苏,公办,1797,1,0,BB,344,344,344,344,347,15,36077,0,344,1,18250,0,0,0,0,0,0,0,0,0,0,0,0
68245,北京工业大学,,本科,2020,文科,本科第一批次,343,4,5,373,339,5,0,1,0,0,1,A-,理工,北京,公办,3134,2,33,AB,373,371,371,371,371,4,0,0,373,30,4702,364,361,22,5554,20,5815,20,4864,6,6056,4,6965
68173,北京化工大学,,本科,2020,文科,本科第一批次,343,11,12,373,339,12,0,1,0,0,1,A-,理工,北京,公办,3109,4,30,AB+,372,370,370,370,370,12,1,0,372,29,4997,364,361,22,5554,21,5426,17,5879,6,6056,3,7409
67074,河海大学,(南京),本科,2020,文科,本科第一批次,343,79,77,253,339,77,0,1,1,0,1,A-,理工,江苏,公办,1105,16,94,AB,0,377,377,377,377,77,-2,0,378,35,3346,379,367,28,3722,28,3417,26,3281,10,4610,18,2747
69330,云南大学,(昆明),本科,2020,文科,本科第一批次,343,10,9,339,339,9,0,1,0,1,1,A-,综合,云南,公办,6401,4,37,BB,372,369,369,369,369,10,0,0,372,29,4997,365,362,23,5215,20,5815,15,6665,3,7328,4,6965
68161,北京交通大学,,本科,2020,文科,本科第一批次,343,6,6,141,339,6,0,1,1,0,1,A-,理工,北京,公办,3105,4,34,AB+,389,386,386,386,386,8,2,0,389,46,1430,380,378,39,1527,35,2017,33,1942,24,1430,26,1440
68821,中南财经政法大学,(武汉),本科,2020,文科,本科第一批次,343,64,65,141,339,65,0,1,0,0,1,A-,财经,湖北,公办,5206,18,259,AB,388,387,387,387,387,67,3,0,388,45,1551,385,378,39,1527,37,1670,36,1475,22,1761,24,1713
69379,陕西师范大学,(西安),本科,2020,文科,本科第一批次,343,14,10,253,339,10,0,1,0,0,1,A-,师范,陕西,公办,7103,8,68,BB,376,376,376,374,364,18,4,0,376,33,3866,380,367,28,3722,24,4437,22,4281,7,5665,3,7409
67314,江苏大学,(镇江),本科,2020,文科,本科第一批次,343,528,570,612,339,565,0,0,0,0,0,B+,综合,江苏,公办,1401,20,142,BB,353,354,354,354,354,535,7,0,353,10,13139,363,343,4,14285,6,12182,5,11497,0,8781,1,8292
67444,江苏大学,(镇江),本科,2020,文科,本科第一批次,343,0,0,0,0,0,0,0,0,0,0,B+,综合,江苏,公办,1796,4,4,BB,343,343,343,343,347,75,36077,0,343,0,18897,0,0,0,0,-7,20567,-8,20360,0,0,0,0
68371,燕山大学,(秦皇岛),本科,2020,文科,本科第一批次,343,4,4,538,339,4,0,0,0,0,0,B+,理工,河北,公办,3321,3,27,BB,351,357,357,357,357,6,2,0,351,8,14261,351,347,8,11943,8,11096,5,11497,0,8781,0,8773
68065,青岛大学,,本科,2020,文科,本科第一批次,343,9,9,487,339,9,0,0,0,0,0,B+,综合,山东,公办,2624,4,42,BB,358,360,360,360,360,7,-2,0,358,15,10603,359,350,11,10370,12,9090,8,9860,3,7328,2,7854
67867,福州大学,,本科,2020,文科,本科第一批次,343,14,14,337,339,14,0,1,0,0,1,A-,理工,福建,公办,2401,6,62,BB,373,372,372,372,372,14,0,0,373,30,4702,365,363,24,4878,23,4733,19,5199,5,6437,7,5791
67588,东华大学,(上海),本科,2020,文科,本科第一批次,343,20,20,198,339,20,0,1,0,0,1,A-,理工,上海,公办,2105,7,86,BB,383,383,383,383,383,21,1,0,383,40,2305,382,374,35,2161,33,2356,30,2444,17,2715,16,3181
67605,上海财经大学,,本科,2020,文科,本科第一批次,343,20,21,40,339,21,0,1,0,0,1,A-,财经,上海,公办,2110,7,52,BB,398,401,401,401,401,20,0,0,398,55,565,406,392,53,361,46,686,50,398,24,1430,47,156
67607,上海财经大学,,本科,2020,文科,本科第一批次,343,2,1,47,339,1,0,1,0,0,1,A-,财经,上海,公办,2110,1,7,BB,0,402,402,402,402,4,2,0,0,0,0,393,393,54,314,46,686,56,217,0,0,0,0
68356,河北大学,(保定),本科,2020,文科,本科第一批次,343,30,30,589,339,29,0,0,0,0,0,B+,综合,河北,公办,3312,5,12,B+B+,350,354,354,354,356,19,-11,0,350,7,14820,357,344,5,13696,0,15888,0,0,0,0,0,0
67790,合肥工业大学,,本科,2020,文科,本科第一批次,343,9,9,402,339,9,0,1,0,0,1,A-,理工,安徽,公办,2302,4,21,BB,370,367,367,367,367,11,2,0,370,27,5660,363,359,20,6263,15,7771,4,12102,0,0,0,0
67931,南昌大学,,本科,2020,文科,本科第一批次,343,23,23,339,339,23,0,1,0,0,1,A-,综合,江西,公办,2505,9,83,BB,372,370,370,370,370,23,0,0,372,29,4997,367,362,23,5215,21,5426,17,5879,6,6056,3,7409
68962,湘潭大学,,本科,2020,文科,本科第一批次,343,25,25,611,339,25,0,0,0,0,0,B+,综合,湖南,公办,5323,11,137,BB,362,356,356,356,356,24,-1,0,362,19,8728,358,346,7,12481,7,11633,5,11497,0,8781,0,8773
69337,昆明理工大学,,本科,2020,文科,本科第一批次,343,10,10,636,339,10,0,0,0,0,0,B+,理工,云南,公办,6404,3,6,BB,345,348,348,348,348,12,2,0,345,2,17642,342,340,1,16146,0,15888,0,0,0,0,0,0
68745,河南大学,(开封),本科,2020,文科,本科第一批次,343,22,22,487,339,22,0,0,0,0,1,A-,综合,河南,公办,5141,7,40,BB,361,357,357,357,357,19,-3,0,361,18,9221,359,350,11,10370,8,11096,4,12102,-1,9322,-1,9300
68136,山东师范大学,(济南),本科,2020,文科,本科第一批次,343,23,23,533,339,23,0,0,0,0,0,B+,师范,山东,公办,2711,7,31,BB,360,357,357,357,357,7,-16,0,0,0,0,363,348,9,11410,8,11096,6,10937,-2,9881,0,0
68141,山东师范大学,(济南),本科,2020,文科,本科第一批次,343,0,0,0,0,0,0,0,0,0,0,B+,师范,山东,公办,2711,2,0,BB,343,350,350,350,355,8,36077,0,343,0,18897,0,0,0,0,0,0,0,0,0,0,0,0
69092,广西大学,(南宁),本科,2020,文科,本科第一批次,343,0,0,0,0,0,0,1,0,0,1,A-,综合,广西,公办,5501,1,6,,0,0,0,0,0,0,36077,0,0,0,0,0,0,0,0,0,0,0,0,0,0,0,0
67610,上海师范大学,,本科,2020,文科,本科第一批次,343,52,52,358,339,52,0,0,0,0,0,B+,师范,上海,公办,2111,14,62,BB,374,373,373,373,373,54,2,0,0,0,0,380,364,25,4520,23,4733,20,4864,9,4937,10,4777
67617,上海师范大学,,本科,2020,文科,本科第一批次,343,6,5,624,339,1,0,0,0,0,0,B+,师范,上海,公办,2111,2,6,BB,352,363,363,363,363,7,1,0,352,9,13695,360,342,3,14897,23,4733,20,4864,0,0,0,0
67793,安徽大学,(合肥),本科,2020,文科,本科第一批次,343,43,44,358,339,44,0,1,0,0,1,A-,综合,安徽,公办,2303,14,153,BB,374,373,373,373,373,33,-10,0,374,31,4401,370,364,25,4520,24,4437,21,4554,10,4610,8,5435
68185,北京林业大学,,本科,2020,文科,本科第一批次,343,15,15,358,339,15,0,1,1,0,1,A-,林业,北京,公办,3114,7,59,BB,375,374,374,374,374,15,0,0,375,32,4119,368,364,25,4520,25,4160,23,4011,10,4610,8,5435
68359,河北师范大学,(石家庄),本科,2020,文科,本科第一批次,343,15,15,607,339,14,0,0,0,0,0,B+,师范,河北,公办,3314,5,5,BB,349,347,347,347,347,15,0,0,347,4,16499,344,339,0,16782,0,0,0,0,0,0,0,0
67176,江南大学,(无锡),本科,2020,文科,本科第一批次,343,159,163,280,339,163,0,1,0,0,1,A-,综合,江苏,公办,1201,11,101,BB,0,375,375,375,374,155,-4,0,375,32,4119,383,365,26,4240,25,4160,22,4281,11,4281,11,4475
67400,江南大学,(无锡),本科,2020,文科,本科第一批次,343,8,8,462,339,8,0,1,0,0,1,A-,综合,江苏,公办,1626,1,6,BB,359,364,364,364,364,8,0,0,359,16,10155,358,354,15,8403,15,7771,13,7455,1,8247,8,5435
69189,成都理工大学,,本科,2020,文科,本科第一批次,343,10,10,611,339,10,0,0,0,0,1,A-,理工,四川,公办,6106,4,16,BB,355,351,351,351,351,8,-2,0,355,12,12101,355,346,7,12481,4,13318,1,13980,0,0,0,0
68231,华北电力大学(北京),,本科,2020,文科,本科第一批次,343,7,7,337,339,7,0,0,0,0,0,,,北京,公办,3128,4,64,B+B+,372,371,371,371,371,7,0,0,372,29,4997,365,363,24,4878,22,5059,18,5523,11,4281,7,5791
68645,黑龙江大学,(哈尔滨),本科,2020,文科,本科第一批次,343,16,16,625,339,15,0,0,0,0,0,B+,综合,黑龙江,公办,4311,7,31,BB,347,351,351,351,351,16,0,0,345,2,17642,354,341,2,15521,2,14576,1,13980,0,8781,2,7854
68628,东北林业大学,(哈尔滨),本科,2020,文科,本科第一批次,343,6,6,405,339,6,0,1,0,0,1,A-,林业,黑龙江,公办,4303,3,50,AB,366,364,364,364,364,7,1,0,366,23,7039,358,356,17,7511,5,12736,11,8351,0,8781,1,8292
68349,河北工业大学,(天津),本科,2020,文科,本科第一批次,343,6,6,447,339,6,0,1,0,0,1,A-,理工,河北,公办,3307,3,10,BB,370,366,366,366,366,6,0,0,370,27,5660,361,358,19,6665,14,8204,7,10380,0,0,0,0
67096,中国药科大学,(南京),本科,2020,文科,本科第一批次,343,26,53,373,339,53,0,1,0,0,1,A-,医药,江苏,公办,1109,2,24,AB,0,372,372,370,372,40,14,0,372,29,4997,369,361,22,5554,22,5059,21,4554,10,4610,10,4777
68243,首都师范大学,(北京),本科,2020,文科,本科第一批次,343,8,8,280,339,8,0,0,0,0,1,A-,师范,北京,公办,3133,4,38,AB,374,374,374,374,374,8,0,0,374,31,4401,371,365,26,4240,25,4160,21,4554,11,4281,10,4777
68072,山东科技大学,(青岛),本科,2020,文科,本科第一批次,343,5,1,636,339,0,0,0,0,0,0,B+,理工,山东,公办,2633,1,3,BB,343,348,348,348,348,5,0,0,343,0,18897,340,340,1,16146,-3,17875,1,13980,0,0,0,0
67736,宁波大学,,本科,2020,文科,本科第一批次,343,0,0,0,0,0,0,0,0,0,1,A-,综合,浙江,公办,2221,1,30,BB,366,357,357,357,357,3,36077,0,366,23,7039,0,0,0,0,0,0,5,11497,3,7328,0,8773
68833,湖北大学,(武汉),本科,2020,文科,本科第一批次,343,4,4,533,339,4,0,0,0,0,0,B+,综合,湖北,公办,5209,2,34,B+B,352,358,358,358,358,5,1,0,352,9,13695,358,348,9,11410,10,10113,7,10380,1,8247,0,8773
69230,四川师范大学,(成都),本科,2020,文科,本科第一批次,343,14,17,625,339,17,0,0,0,0,0,B,师范,四川,公办,6140,4,7,BB,356,350,350,350,350,8,-6,0,356,13,11601,359,341,2,15521,0,0,0,0,0,0,0,0
67115,南京林业大学,,本科,2020,文科,本科第一批次,343,242,266,487,339,266,0,0,0,0,1,A-,林业,江苏,公办,1115,11,110,BB,0,360,360,360,360,226,-16,0,360,17,9697,367,350,11,10370,11,9597,7,10380,3,7328,4,6965
67171,南京医科大学,,本科,2020,文科,本科第一批次,343,99,100,612,339,100,0,0,0,0,0,B+,医药,江苏,公办,1134,3,10,BB,0,352,352,352,352,99,0,0,349,6,15382,362,343,4,14285,3,13940,1,13980,0,0,0,0
68118,曲阜师范大学,,本科,2020,文科,本科第一批次,343,0,0,0,0,0,0,0,0,0,0,B,师范,山东,公办,2671,7,0,BB,346,349,349,349,349,18,36077,0,346,3,17092,0,0,0,0,0,0,0,0,0,0,0,0
68874,长江大学,(荆州),本科,2020,文科,本科第一批次,343,3,3,699,339,3,0,0,0,0,0,B+,综合,湖北,公办,5243,2,2,BB,347,345,345,345,347,3,0,0,347,4,16499,339,335,-4,19428,0,0,0,0,0,0,0,0
67808,安徽师范大学,(芜湖),本科,2020,文科,本科第一批次,343,30,30,533,339,30,0,0,0,0,0,B,师范,安徽,公办,2309,11,19,BB,356,356,356,356,359,32,2,0,356,13,11601,358,348,9,11410,5,12736,0,0,0,0,0,0
69068,汕头大学,,本科,2020,文科,本科第一批次,343,10,10,405,339,10,0,0,0,0,0,B+,综合,广东,公办,5421,7,63,BB,364,365,365,365,365,10,0,0,364,21,7857,364,356,17,7511,16,7345,13,7455,5,6437,0,8773
68181,中国政法大学,(北京),本科,2020,文科,本科第一批次,343,40,40,72,339,40,0,1,0,0,1,A-,政法,北京,公办,3112,14,123,B+B+,396,395,395,395,395,41,1,0,396,53,692,398,385,46,804,45,772,43,814,26,1197,30,1003
68410,中北大学,(太原),本科,2020,文科,本科第一批次,343,2,2,607,339,1,0,0,0,0,0,B,理工,山西,公办,3402,1,3,BB,344,348,348,348,348,2,0,0,344,1,18250,342,339,0,16782,0,15888,0,0,0,0,0,0
69392,长安大学,(西安),本科,2020,文科,本科第一批次,343,10,10,336,339,10,0,1,0,0,1,A-,理工,陕西,公办,7107,4,46,BB,371,369,369,369,369,9,-1,0,371,28,5321,362,360,21,5927,19,6200,16,6281,4,6876,0,8773
67703,浙江师范大学,(金华),本科,2020,文科,本科第一批次,343,6,6,358,339,6,0,0,0,0,0,B+,师范,浙江,公办,2206,2,18,BB,374,371,370,370,370,6,0,0,374,31,4401,364,364,25,4520,21,5426,13,7455,5,6437,2,7854
67258,南通大学,,本科,2020,文科,本科第一批次,343,613,627,624,339,606,0,0,0,0,0,B+,综合,江苏,公办,1301,20,77,BC,351,351,351,351,351,544,-69,0,350,7,14820,368,342,3,14897,1,15232,2,13309,0,8781,0,8773
67442,南通大学,,本科,2020,文科,本科第一批次,343,0,0,0,0,0,0,0,0,0,0,B+,综合,江苏,公办,1791,2,2,BC,343,344,344,344,347,25,36077,0,343,0,18897,0,0,0,0,-4,18575,0,14645,0,0,0,0
68752,河南师范大学,(新乡),本科,2020,文科,本科第一批次,343,20,19,607,339,16,0,0,0,0,0,B+,师范,河南,公办,5153,6,10,BB,346,347,347,347,347,23,3,0,346,3,17092,344,339,0,16782,0,15888,0,0,0,0,0,0
69406,西安理工大学,,本科,2020,文科,本科第一批次,343,0,0,0,339,0,0,0,0,0,0,B+,理工,陕西,公办,7112,1,2,,0,347,347,347,347,0,36077,0,0,0,0,0,0,0,0,0,0,0,0,0,0,0,0
68954,湖南科技大学,(湘潭),本科,2020,文科,本科第一批次,343,33,33,607,339,28,0,0,0,0,0,B,综合,湖南,公办,5321,15,56,BB,347,348,348,348,348,32,-1,0,347,4,16499,346,339,0,16782,1,15232,0,14645,-4,11066,-7,12720
69295,贵州大学,(贵阳),本科,2020,文科,本科第一批次,343,0,0,0,0,0,0,1,0,0,1,A-,综合,贵州,公办,6301,2,28,BB,366,356,356,356,356,4,36077,0,366,23,7039,0,0,0,0,15,7771,10,8831,1,8247,0,8773
68469,辽宁大学,(沈阳),本科,2020,文科,本科第一批次,343,15,15,373,339,15,0,1,0,0,1,A-,综合,辽宁,公办,4102,10,96,AB,371,369,369,369,369,15,0,0,371,28,5321,364,361,22,5554,19,6200,15,6665,3,7328,4,6965
67949,江西师范大学,(南昌),本科,2020,文科,本科第一批次,343,20,20,589,339,20,0,0,0,0,0,B,师范,江西,公办,2510,30,30,BB,352,351,351,351,351,32,12,0,347,4,16499,356,344,5,13696,4,13318,3,12692,0,0,0,0
68286,天津医科大学,,本科,2020,文科,本科第一批次,343,0,0,0,0,0,0,1,0,0,1,A-,医药,天津,公办,3203,1,0,,0,0,0,0,0,0,36077,0,0,0,0,0,0,0,0,0,0,0,0,0,0,0,0
68632,东北农业大学,(哈尔滨),本科,2020,文科,本科第一批次,343,4,4,487,339,4,0,1,0,0,1,A-,农林,黑龙江,公办,4304,2,17,BB,364,365,365,365,365,4,0,0,364,21,7857,356,355,16,7916,7,11633,6,10937,0,8781,-3,10345
68029,济南大学,,本科,2020,文科,本科第一批次,343,19,19,487,339,19,0,0,0,0,0,B+,综合,山东,公办,2602,9,25,BC,361,362,362,362,362,20,1,0,361,18,9221,367,355,16,7916,13,8611,6,10937,0,0,0,0
68211,北京中医药大学,,本科,2020,文科,本科第一批次,343,2,2,199,339,2,0,1,0,0,1,A-,医药,北京,公办,3121,2,17,AB,384,383,383,383,383,2,0,0,384,41,2149,374,373,34,2359,29,3185,31,2265,13,3678,0,0
68514,东北财经大学,(大连),本科,2020,文科,本科第一批次,343,8,8,358,339,8,0,0,0,0,0,A-,财经,辽宁,公办,4133,5,116,AB,374,371,371,371,371,5,-3,0,0,0,0,369,364,25,4520,21,5426,18,5523,8,5292,2,7854
68516,东北财经大学,(大连),本科,2020,文科,本科第一批次,343,2,2,487,339,2,0,0,0,0,0,A-,财经,辽宁,公办,4133,5,2,AB,355,360,360,360,360,6,4,0,355,12,12101,351,350,11,10370,0,0,0,0,0,0,0,0
69084,深圳大学,,本科,2020,文科,本科第一批次,343,11,11,280,339,11,0,0,0,0,0,B+,综合,广东,公办,5451,8,45,AB,374,373,373,373,373,11,0,0,374,31,4401,373,365,26,4240,24,4437,19,5199,7,5665,5,6550
69065,广州大学,,本科,2020,文科,本科第一批次,343,0,0,0,339,0,0,0,0,0,0,B+,综合,广东,公办,5419,1,2,,0,347,347,347,347,0,36077,0,0,0,0,0,0,0,0,0,0,0,0,0,0,0,0
69394,西安建筑科技大学,,本科,2020,文科,本科第一批次,343,0,0,0,0,0,0,0,0,0,0,B+,理工,陕西,公办,7108,1,17,,0,0,0,0,0,0,36077,0,0,0,0,0,0,0,0,0,0,0,0,0,0,0,0
68233,中央民族大学,(北京),本科,2020,文科,本科第一批次,343,18,18,186,339,18,1,1,0,1,1,A,民族,北京,公办,3129,8,96,BB,388,384,384,384,384,16,-2,0,388,45,1551,382,375,36,1975,35,2017,31,2265,15,3146,16,3181
69225,西南科技大学,(绵阳),本科,2020,文科,本科第一批次,343,12,12,699,339,10,0,0,0,0,0,B+,理工,四川,公办,6131,3,9,BB,345,345,345,345,348,12,0,0,345,2,17642,343,333,-6,20791,0,15888,0,14645,0,0,0,0
67633,上海理工大学,,本科,2020,文科,本科第一批次,343,21,22,373,339,22,0,0,0,0,0,B+,理工,上海,公办,2115,5,59,BB,369,370,370,370,370,21,0,0,0,0,0,370,361,22,5554,21,5426,18,5523,10,4610,8,5435
67636,上海理工大学,,本科,2020,文科,本科第一批次,343,4,4,625,339,4,0,0,0,0,0,B+,理工,上海,公办,2115,2,24,BB,355,363,363,363,363,4,0,0,355,12,12101,356,341,2,15521,21,5426,18,5523,9,4937,9,5085
69181,西南财经大学,(成都市温江区),本科,2020,文科,本科第一批次,343,32,32,159,339,32,0,1,0,0,1,A-,财经,四川,公办,6103,13,177,AB,387,385,385,385,385,32,0,0,387,44,1694,384,376,37,1816,34,2177,35,1595,24,1430,21,2189
68936,长沙理工大学,,本科,2020,文科,本科第一批次,343,2,2,607,339,2,0,0,0,0,0,B+,理工,湖南,公办,5307,4,17,BB,347,351,351,351,351,8,6,0,347,4,16499,344,339,0,16782,6,12182,4,12102,1,8247,2,7854
68061,青岛科技大学,,本科,2020,文科,本科第一批次,343,0,0,0,0,0,0,0,0,0,0,B+,理工,山东,公办,2623,1,0,,0,0,0,0,0,0,36077,0,0,0,0,0,0,0,0,0,0,0,0,0,0,0,0
68878,三峡大学,(宜昌),本科,2020,文科,本科第一批次,343,11,5,607,339,4,0,0,0,0,0,B+,综合,湖北,公办,5251,4,4,BB,344,347,347,347,347,13,2,0,344,1,18250,342,339,0,16782,0,0,0,0,0,0,0,0
68931,湖南农业大学,(长沙),本科,2020,文科,本科第一批次,343,10,10,624,339,10,0,0,0,0,0,B+,农林,湖南,公办,5305,6,12,BC,345,351,351,351,351,18,8,0,345,2,17642,357,342,3,14897,3,13940,2,13309,0,0,0,0
68478,沈阳工业大学,,本科,2020,文科,本科第一批次,343,14,13,607,339,12,0,0,0,0,0,B+,理工,辽宁,公办,4108,6,20,BB,344,348,348,348,348,16,2,0,344,1,18250,342,339,0,16782,0,15888,0,14645,0,0,0,0
69478,兰州理工大学,,本科,2020,文科,本科第一批次,343,9,9,699,339,9,0,0,0,0,0,B+,理工,甘肃,公办,7202,4,7,BB,343,345,345,345,347,8,-1,0,343,0,18897,339,333,-6,20791,-10,22730,0,0,0,0,0,0
67904,华侨大学,(泉州),本科,2020,文科,本科第一批次,343,34,35,611,339,35,0,0,0,0,0,B+,综合,福建,公办,2422,10,108,BB,353,354,354,354,357,29,-5,0,353,10,13139,355,346,7,12481,5,12736,9,9346,0,8781,1,8292
69260,西南政法大学,(重庆),本科,2020,文科,本科第一批次,343,61,60,273,339,60,0,0,0,0,0,B,政法,重庆,公办,6203,11,93,B+B+,384,378,378,378,378,54,-7,0,384,41,2149,384,369,30,3201,29,3185,26,3281,12,3964,14,3648
67708,浙江工商大学,(杭州),本科,2020,文科,本科第一批次,343,31,41,447,339,41,0,0,0,0,0,B+,财经,浙江,公办,2207,13,138,BB,369,368,368,368,368,31,0,0,369,26,5989,364,358,19,6665,18,6572,16,6281,4,6876,5,6550
68975,南华大学,(衡阳),本科,2020,文科,本科第一批次,343,8,5,607,339,5,0,0,0,0,0,B,综合,湖南,公办,5341,3,10,BB,343,348,348,348,348,8,0,0,343,0,18897,341,339,0,16782,-1,16535,-2,15973,0,0,0,0
68217,中国传媒大学,(北京),本科,2020,文科,本科第一批次,343,5,5,108,339,5,0,1,0,0,1,A-,语言,北京,公办,3123,4,59,B+B,393,393,393,393,393,10,5,0,0,0,0,389,383,44,966,44,848,41,972,28,958,28,1207
68221,中国传媒大学,(北京),本科,2020,文科,本科第一批次,343,4,4,196,339,4,0,1,0,0,1,A-,语言,北京,公办,3123,1,1,B+B,385,382,382,382,382,4,0,0,385,42,2007,381,372,33,2558,0,0,0,0,0,0,0,0
67078,南京信息工程大学,,本科,2020,文科,本科第一批次,343,377,378,487,339,378,0,0,0,0,1,A-,理工,江苏,公办,1106,17,119,BB,0,360,360,360,359,457,80,0,361,18,9221,368,350,11,10370,10,10113,7,10380,2,7788,2,7854
67376,南京信息工程大学,,本科,2020,文科,本科第一批次,343,40,40,533,339,40,0,0,0,0,1,A-,理工,江苏,公办,1606,1,8,BC,353,359,359,359,359,20,-20,0,353,10,13139,363,348,9,11410,10,10113,8,9860,0,8781,0,8773
67119,南京财经大学,,本科,2020,文科,本科第一批次,343,780,780,462,339,780,0,0,0,0,0,B,财经,江苏,公办,1116,24,187,BB,0,365,365,362,365,720,-60,0,365,22,7446,369,354,15,8403,15,7771,14,7054,4,6876,5,6550
67386,南京财经大学,,本科,2020,文科,本科第一批次,343,18,18,604,339,18,0,0,0,0,0,B,财经,江苏,公办,1616,1,7,BB,351,355,355,355,355,18,0,0,351,8,14261,354,345,6,13092,7,11633,4,12102,0,8781,0,8773
68197,北京语言大学,,本科,2020,文科,本科第一批次,343,9,9,358,339,9,0,0,0,0,0,B+,语言,北京,公办,3117,9,83,B+B,375,379,379,372,379,9,0,0,375,32,4119,373,364,25,4520,30,2967,31,2265,18,2487,16,3181
69516,宁夏大学,(银川),本科,2020,文科,本科第一批次,343,11,11,611,339,11,0,1,0,0,1,A-,综合,宁夏,公办,7402,3,31,BB,358,352,352,354,354,8,-3,0,358,15,10603,355,346,7,12481,4,13318,3,12692,0,8781,0,8773
68511,大连海事大学,,本科,2020,文科,本科第一批次,343,14,14,336,339,14,0,1,0,0,1,A-,理工,辽宁,公办,4132,4,56,AB,373,369,369,369,369,14,0,0,373,30,4702,364,360,21,5927,20,5815,17,5879,7,5665,6,6164
68294,天津工业大学,,本科,2020,文科,本科第一批次,343,0,0,0,339,0,0,0,0,0,1,B+,理工,天津,公办,3206,1,1,,0,347,347,347,347,0,36077,0,0,0,0,0,0,0,0,0,0,0,0,0,0,0,0
69048,广东外语外贸大学,(广州),本科,2020,文科,本科第一批次,343,20,20,373,339,20,0,0,0,0,0,B,语言,广东,公办,5404,13,158,AB,368,371,371,371,371,20,0,0,368,25,6312,373,361,22,5554,20,5815,21,4554,7,5665,6,6164
68829,中南民族大学,(武汉),本科,2020,文科,本科第一批次,343,30,30,589,339,30,0,0,0,0,0,B+,民族,湖北,公办,5208,9,32,BB,351,352,352,352,352,27,-3,0,351,8,14261,349,344,5,13696,3,13940,0,14645,1,8247,0,0
68540,辽宁工程技术大学,(阜新),本科,2020,文科,本科第一批次,343,4,4,664,339,4,0,0,0,0,0,B+,理工,辽宁,公办,4161,2,27,BB,343,345,345,345,345,4,0,0,343,0,18897,336,334,-5,20127,-5,19211,-6,18849,-8,13669,-9,14049
67848,安徽工业大学,(马鞍山),本科,2020,文科,本科第一批次,343,11,11,624,339,11,0,0,0,0,0,B+,理工,安徽,公办,2361,7,17,BB,347,351,351,351,351,10,-1,0,347,4,16499,346,342,3,14897,3,13940,2,13309,0,0,0,0
68966,中南林业科技大学,(长沙),本科,2020,文科,本科第一批次,343,20,18,607,339,18,0,0,0,0,0,B,林业,湖南,公办,5331,7,33,BB,345,348,348,348,348,14,-6,0,345,2,17642,343,339,0,16782,0,15888,0,14645,-1,9322,-3,10345
67917,江西财经大学,(南昌),本科,2020,文科,本科第一批次,343,23,23,447,339,23,0,0,0,0,0,B+,财经,江西,公办,2501,13,114,BB,368,367,367,367,367,23,0,0,368,25,6312,365,358,19,6665,16,7345,15,6665,7,5665,0,8773
68738,河南科技大学,(洛阳),本科,2020,文科,本科第一批次,343,0,0,0,0,0,0,0,0,0,0,B,理工,河南,公办,5132,6,0,BB,343,345,345,345,345,15,36077,0,343,0,18897,0,0,0,0,0,0,0,0,0,0,0,0
69536,石河子大学,,本科,2020,文科,本科第一批次,343,12,12,699,339,11,0,1,0,0,1,A-,综合,新疆,公办,7511,4,4,BB,343,347,347,347,347,10,-2,0,343,0,18897,341,333,-6,20791,0,0,0,0,0,0,0,0
69485,兰州交通大学,,本科,2020,文科,本科第一批次,343,4,4,694,339,3,0,0,0,0,0,B+,理工,甘肃,公办,7204,4,4,BB,344,347,347,345,347,4,0,0,344,1,18250,339,332,-7,21490,0,0,0,0,0,0,0,0
67241,苏州科技大学,,本科,2020,文科,本科第一批次,343,655,660,636,339,611,0,0,0,0,0,B+,理工,江苏,公办,1262,23,79,BB,349,349,349,349,349,667,12,0,349,6,15382,361,340,1,16146,1,15232,1,13980,2,7788,1,8292
67413,苏州科技大学,,本科,2020,文科,本科第一批次,343,14,14,636,339,14,0,0,0,0,0,B+,理工,江苏,公办,1636,1,3,BC,343,348,348,348,348,16,2,0,343,0,18897,346,340,1,16146,0,15888,0,14645,0,0,0,0
67603,上海外国语大学,,本科,2020,文科,本科第一批次,343,38,38,90,339,38,0,1,0,0,1,A-,语言,上海,公办,2109,22,231,BB,394,395,395,395,395,44,6,0,394,51,851,391,384,45,876,44,848,45,670,30,785,33,754
68683,延边大学,(延吉),本科,2020,文科,本科第一批次,343,8,8,625,339,7,0,1,0,0,1,A-,综合,吉林,公办,4371,3,33,BC,357,353,351,351,351,8,0,0,357,14,11103,362,341,2,15521,3,13940,5,11497,2,7788,0,8773
68412,山西财经大学,(太原),本科,2020,文科,本科第一批次,343,22,22,636,339,20,0,0,0,0,0,B,财经,山西,公办,3403,14,65,BB,348,351,351,351,351,22,0,0,345,2,17642,357,340,1,16146,2,14576,3,12692,2,7788,3,7409
69076,广东海洋大学,(湛江),本科,2020,文科,本科第一批次,343,5,5,625,339,5,0,0,0,0,0,B,农林,广东,公办,5431,4,16,BB,344,349,349,349,349,7,2,0,344,1,18250,342,341,2,15521,1,15232,0,14645,0,0,0,0
67893,集美大学,(厦门),本科,2020,文科,本科第一批次,343,11,11,624,339,9,0,0,0,0,0,B,综合,福建,公办,2412,5,13,BB,352,355,355,353,355,11,0,0,352,9,13695,354,342,3,14897,8,11096,5,11497,0,0,0,0
69409,西安石油大学,,本科,2020,文科,本科第一批次,343,0,0,0,0,0,0,0,0,0,0,B,理工,陕西,公办,7113,3,0,BC,344,344,344,344,345,6,36077,0,344,1,18250,0,0,0,0,0,0,0,0,0,0,0,0
68304,天津科技大学,,本科,2020,文科,本科第一批次,343,13,13,624,339,13,0,0,0,0,0,B,理工,天津,公办,3208,9,15,BB,349,350,350,350,350,13,0,0,349,6,15382,345,342,3,14897,0,15888,0,0,0,0,0,0
67110,南京中医药大学,,本科,2020,文科,本科第一批次,343,30,30,248,339,30,0,0,0,0,1,A-,医药,江苏,公办,1113,1,45,B+B,0,375,375,375,368,30,0,0,377,34,3623,379,368,29,3474,26,3895,2,13309,11,4281,12,4209
67148,南京中医药大学,,本科,2020,文科,本科第一批次,343,300,300,589,339,297,0,0,0,0,1,A-,医药,江苏,公办,1123,16,34,BB,0,353,353,353,351,262,-38,0,352,9,13695,368,344,5,13696,3,13940,0,0,0,0,0,0
67382,南京中医药大学,,本科,2020,文科,本科第一批次,343,72,57,679,339,53,0,0,0,0,1,A-,医药,江苏,公办,1613,1,3,BC,343,347,347,347,347,72,0,0,343,0,18897,351,329,-10,23521,-10,22730,-10,21903,0,0,0,0
68863,湖北工业大学,(武汉),本科,2020,文科,本科第一批次,343,2,2,625,339,2,0,0,0,0,0,B,理工,湖北,公办,5219,1,3,BB,349,349,349,349,349,2,0,0,349,6,15382,341,341,2,15521,0,15888,0,0,0,0,0,0
69186,西南民族大学,(成都),本科,2020,文科,本科第一批次,343,16,16,612,339,16,0,0,0,0,0,B,民族,四川,公办,6105,7,23,BB,352,350,350,351,351,16,0,0,352,9,13695,349,343,4,14285,2,14576,0,14645,0,0,0,0
68851,武汉工程大学,,本科,2020,文科,本科第一批次,343,4,4,604,339,4,0,0,0,0,0,B,理工,湖北,公办,5215,2,4,BB,351,355,355,355,355,4,0,0,351,8,14261,345,345,6,13092,1,15232,1,13980,0,0,0,0
68207,中央财经大学,(北京),本科,2020,文科,本科第一批次,343,19,20,72,339,20,0,1,0,0,1,A-,财经,北京,公办,3120,9,82,AA,395,394,394,394,394,19,0,0,395,52,761,389,385,46,804,42,1012,44,741,31,696,33,754
67319,江苏科技大学,(镇江),本科,2020,文科,本科第一批次,343,164,164,624,339,161,0,0,0,0,0,B+,理工,江苏,公办,1402,8,52,BC,347,351,351,351,351,148,-16,0,347,4,16499,363,342,3,14897,2,14576,1,13980,0,8781,0,8773
67433,江苏科技大学,(镇江),本科,2020,文科,本科第一批次,343,43,11,679,339,11,0,0,0,0,0,B+,理工,江苏,公办,1648,1,4,BC,343,347,347,347,347,43,0,0,343,0,18897,337,329,-10,23521,-10,22730,-10,21903,0,0,0,0
67944,江西农业大学,(南昌),本科,2020,文科,本科第一批次,343,0,0,0,0,0,0,0,0,0,0,B+,农林,江西,公办,2508,5,0,BB,343,345,345,345,345,10,36077,0,343,0,18897,0,0,0,0,0,0,0,0,0,0,0,0
67104,南京邮电大学,,本科,2020,文科,本科第一批次,343,515,515,501,339,515,0,0,0,0,1,A-,理工,江苏,公办,1111,6,68,BB,0,362,362,362,362,494,-21,0,358,15,10603,365,351,12,9869,13,8611,11,8351,3,7328,3,7409
68191,北京外国语大学,,本科,2020,文科,本科第一批次,343,17,17,108,339,17,0,1,0,0,1,A-,语言,北京,公办,3116,14,95,"历史A,另一门B",394,394,394,394,394,17,0,0,0,0,0,391,382,43,1074,46,686,44,741,29,864,27,1324
68194,北京外国语大学,,本科,2020,文科,本科第一批次,343,2,2,358,339,2,0,1,0,0,1,A-,语言,北京,公办,3116,1,2,"历史A,另一门B",386,383,383,383,383,2,0,0,386,43,1859,379,364,25,4520,44,848,0,0,0,0,0,0
68309,天津财经大学,,本科,2020,文科,本科第一批次,343,16,16,487,339,16,0,0,0,0,0,B,财经,天津,公办,3209,7,129,BB,364,365,365,365,365,16,0,0,364,21,7857,361,355,16,7916,16,7345,14,7054,4,6876,9,5085
68204,对外经济贸易大学,(北京),本科,2020,文科,本科第一批次,343,23,23,90,339,23,0,1,0,0,1,A-,财经,北京,公办,3119,9,147,AB+,394,394,394,394,394,25,2,0,394,51,851,391,384,45,876,44,848,43,814,28,958,32,836
69414,西安工业大学,,本科,2020,文科,本科第一批次,343,12,12,624,339,12,0,0,0,0,0,B,理工,陕西,公办,7115,5,20,BC,347,351,351,351,351,10,-2,0,347,4,16499,348,342,3,14897,1,15232,2,13309,0,0,0,0
67211,徐州医科大学,,本科,2020,文科,本科第一批次,343,80,82,636,339,82,0,0,0,0,0,B+,医药,江苏,公办,1225,2,4,BC,344,348,348,348,348,80,0,0,344,1,18250,355,340,1,16146,0,15888,0,0,0,0,0,0
68698,河南工业大学,(郑州),本科,2020,文科,本科第一批次,343,0,0,0,0,0,0,0,0,0,0,B,理工,河南,公办,5104,12,0,BC,345,344,344,344,344,12,36077,0,345,2,17642,0,0,0,0,0,0,0,0,0,0,0,0
67626,上海中医药大学,,本科,2020,文科,本科第一批次,343,0,0,0,0,0,0,0,0,0,1,B+,医药,上海,公办,2113,1,10,,0,0,0,0,0,0,36077,0,0,0,0,0,0,0,0,0,0,0,0,0,0,0,0
68273,首都经济贸易大学,(北京),本科,2020,文科,本科第一批次,343,4,4,253,339,4,0,0,0,0,0,B+,财经,北京,公办,3154,2,16,BB,376,376,376,376,379,4,0,0,376,33,3866,369,367,28,3722,28,3417,32,2097,23,1598,18,2747
68638,哈尔滨商业大学,,本科,2020,文科,本科第一批次,343,18,18,607,339,18,0,0,0,0,0,B+,财经,黑龙江,公办,4307,4,55,BB,343,348,348,348,348,12,-6,0,343,0,18897,345,339,0,16782,-1,16535,-1,15328,-5,11690,0,8773
69270,重庆邮电大学,,本科,2020,文科,本科第一批次,343,4,4,553,339,4,0,0,0,0,0,B+,理工,重庆,公办,6209,1,7,B+B,357,356,356,358,358,2,-2,0,357,14,11103,354,349,10,10857,8,11096,6,10937,1,8247,0,0
67694,浙江理工大学,(杭州),本科,2020,文科,本科第一批次,343,20,20,533,339,20,0,0,0,0,0,B,理工,浙江,公办,2203,5,64,BB,357,358,358,358,358,10,-10,0,357,14,11103,352,348,9,11410,10,10113,7,10380,1,8247,1,8292
67961,江西理工大学,(赣州),本科,2020,文科,本科第一批次,343,22,22,607,339,22,0,0,0,0,0,B,理工,江西,公办,2521,9,35,BB,343,348,348,348,348,27,5,0,343,0,18897,342,339,0,16782,0,15888,0,14645,0,0,0,0
68601,东北电力大学,(吉林市),本科,2020,文科,本科第一批次,343,0,0,0,0,0,0,0,0,0,0,B+,理工,吉林,公办,4231,1,0,,0,0,0,0,0,0,36077,0,0,0,0,0,0,0,0,0,0,0,0,0,0,0,0
67216,常州大学,,本科,2020,文科,本科第一批次,343,357,362,624,339,354,0,0,0,0,0,B+,理工,江苏,公办,1242,17,69,BC,348,351,351,351,351,359,2,0,348,5,15955,367,342,3,14897,3,13940,3,12692,0,8781,0,8773
67406,常州大学,,本科,2020,文科,本科第一批次,343,16,9,664,339,8,0,0,0,0,0,B+,理工,江苏,公办,1631,1,3,BC,343,347,347,347,347,16,0,0,343,0,18897,341,330,-9,22857,-10,22730,-10,21903,0,0,0,0
67922,华东交通大学,(南昌),本科,2020,文科,本科第一批次,343,14,14,636,339,13,0,0,0,0,0,B,理工,江西,公办,2502,6,27,BB,347,349,349,349,349,12,-2,0,347,4,16499,346,340,1,16146,2,14576,1,13980,0,0,0,0
67712,杭州师范大学,,本科,2020,文科,本科第一批次,343,10,10,487,339,10,0,0,0,0,0,B,师范,浙江,公办,2209,5,8,BB,368,360,360,360,360,10,0,0,368,25,6312,354,350,11,10370,8,11096,0,0,0,0,0,0
68520,大连外国语大学,,本科,2020,文科,本科第一批次,343,17,17,405,339,17,0,0,0,0,0,B,语言,辽宁,公办,4135,12,36,BB,362,366,366,366,366,17,0,0,362,19,8728,367,356,17,7511,9,10610,7,10380,0,0,0,0
69421,西安外国语大学,,本科,2020,文科,本科第一批次,343,0,0,0,0,0,0,0,0,0,0,B,语言,陕西,公办,7117,14,0,BB,354,352,352,352,368,25,36077,0,354,11,12622,0,0,0,0,0,0,0,0,0,0,0,0
67643,上海海事大学,,本科,2020,文科,本科第一批次,343,14,16,447,339,16,0,0,0,0,0,B,理工,上海,公办,2117,5,68,BB,370,368,368,368,368,10,-4,0,363,20,8290,364,358,19,6665,14,8204,16,6281,10,4610,8,5435
69398,西北政法大学,(西安),本科,2020,文科,本科第一批次,343,50,50,373,339,50,0,0,0,0,0,B,政法,陕西,公办,7109,6,23,BB,373,369,369,369,369,50,0,0,373,30,4702,371,361,22,5554,19,6200,16,6281,5,6437,0,0
69266,重庆交通大学,,本科,2020,文科,本科第一批次,343,12,12,589,339,12,0,0,0,0,0,B+,理工,重庆,公办,6207,5,11,B+B,348,351,351,351,351,16,4,0,348,5,15955,348,344,5,13696,4,13318,3,12692,0,0,0,0
67112,南京工程学院,,本科,2020,文科,本科第一批次,343,218,218,625,339,210,0,0,0,0,0,B-,理工,江苏,公办,1114,12,26,BB,0,350,350,350,349,222,4,0,346,3,17092,355,341,2,15521,1,15232,0,0,0,0,0,0
69151,海南大学,(海口),本科,2020,文科,本科第一批次,343,15,15,238,339,15,0,1,0,0,1,A-,综合,海南,公办,5601,10,99,BC,373,378,374,374,374,24,9,0,373,30,4702,385,370,31,2963,25,4160,16,6281,8,5292,6,6164
67292,盐城师范学院,,本科,2020,文科,本科第一批次,343,0,0,0,0,0,0,0,0,0,0,B-,师范,江苏,公办,1362,3,0,BC,347,350,350,350,348,249,36077,0,347,4,16499,0,0,0,0,0,0,0,0,0,0,0,0
68228,北京体育大学,,本科,2020,文科,本科第一批次,343,28,28,487,339,26,0,1,0,0,1,B+,体育,北京,公办,3127,16,69,BB,365,365,365,365,365,22,-6,0,365,22,7446,368,355,16,7916,17,6967,13,7455,3,7328,0,8773
68292,中国民航大学,(天津),本科,2020,文科,本科第一批次,343,8,8,589,339,8,0,0,0,0,0,B,理工,天津,公办,3205,3,4,BB,350,354,354,354,354,9,1,0,350,7,14820,354,344,5,13696,2,14576,0,0,0,0,0,0
67647,上海电力大学,(原上海电力学院),本科,2020,文科,本科第一批次,343,12,12,533,339,12,0,0,0,0,0,B,理工,上海,公办,2118,6,12,BB,358,357,357,357,359,12,0,0,358,15,10603,362,348,9,11410,6,12182,0,0,0,0,0,0
68933,湖南工商大学,(原湖南商学院)(长沙),本科,2020,文科,本科第一批次,343,13,13,699,339,10,0,0,0,0,0,,,,,5306,8,7,BB,347,348,348,348,348,15,2,0,347,4,16499,340,335,-4,19428,0,0,0,0,0,0,0,0
67691,中国计量大学,(杭州),本科,2020,文科,本科第一批次,343,6,6,553,339,6,0,0,0,0,0,B,理工,浙江,公办,2202,3,13,BB,359,359,359,359,359,3,-3,0,359,16,10155,350,349,10,10857,5,12736,0,0,0,0,0,0
67798,安徽建筑大学,(合肥),本科,2020,文科,本科第一批次,343,20,20,607,339,10,0,0,0,0,0,B,理工,安徽,公办,2305,10,10,BB,345,348,348,348,350,20,0,0,345,2,17642,341,339,0,16782,0,0,0,0,0,0,0,0
67130,南京审计大学,,本科,2020,文科,本科第一批次,343,694,694,501,339,694,0,0,0,0,0,B+,财经,江苏,公办,1119,24,163,BB,0,366,366,362,366,665,-29,0,365,22,7446,382,353,14,8865,18,6572,17,5879,7,5665,6,6164
67389,南京审计大学,,本科,2020,文科,本科第一批次,343,25,25,501,339,25,0,0,0,0,0,B+,财经,江苏,公办,1619,3,5,BB,358,363,363,363,363,45,20,0,358,15,10603,359,351,12,9869,13,8611,13,7455,4,6876,0,0
69156,海南师范大学,(海口),本科,2020,文科,本科第一批次,343,10,10,607,339,6,0,0,0,0,0,B,师范,海南,公办,5602,5,5,BB,345,345,345,347,347,22,12,0,345,2,17642,343,339,0,16782,0,0,0,0,0,0,0,0
67927,江西中医药大学,(南昌),本科,2020,文科,本科第一批次,343,0,0,0,0,0,0,0,0,0,0,B,医药,江西,公办,2504,3,0,BC,348,347,347,347,347,4,36077,0,348,5,15955,0,0,0,0,0,0,0,0,0,0,0,0
68263,北京电影学院,,本科,2020,文科,本科第一批次,343,2,2,141,339,2,0,0,0,0,0,C,艺术,北京,公办,3148,1,4,BC,387,394,394,387,394,2,0,0,387,44,1694,384,378,39,1527,49,507,47,548,37,339,0,0
69492,甘肃政法大学,(原甘肃政法学院)(兰州),本科,2020,文科,本科第一批次,343,0,0,0,0,0,0,0,0,0,0,,,,,7207,10,0,BB,343,347,347,347,347,19,36077,0,343,0,18897,0,0,0,0,0,0,0,0,0,0,0,0
67134,南京晓庄学院,,本科,2020,文科,本科第一批次,343,229,229,611,339,229,0,0,0,0,0,B-,师范,江苏,公办,1120,6,1,BC,0,357,357,357,357,614,385,0,352,9,13695,371,346,7,12481,0,0,0,0,0,0,0,0
68201,中国石油大学(北京),(北京),本科,2020,文科,本科第一批次,343,7,7,336,339,7,0,1,1,0,1,A-,理工,北京,公办,3118,3,23,AB,370,370,370,370,370,8,1,0,370,27,5660,363,360,21,5927,22,5059,18,5523,7,5665,1,8292
68815,中国地质大学(武汉),,本科,2020,文科,本科第一批次,343,7,7,339,339,7,0,0,0,0,0,,工科,湖北,公办,5205,6,63,AB,372,370,370,370,370,7,0,0,372,29,4997,364,362,23,5215,19,6200,17,5879,6,6056,6,6164
67674,上海电机学院,,本科,2020,文科,本科第一批次,343,19,19,624,339,19,0,0,0,0,0,B-,理工,上海,公办,2136,5,11,BC,347,349,349,349,349,20,1,0,347,4,16499,355,342,3,14897,2,14576,0,0,0,0,0,0
67665,上海政法学院,,本科,2020,文科,本科第一批次,343,36,36,339,339,36,0,0,0,0,0,B-,政法,上海,公办,2125,20,52,BB,373,370,370,370,370,36,0,0,373,30,4702,372,362,23,5215,21,5426,17,5879,0,0,0,0
68108,山东大学威海分校,,本科,2020,文科,本科第一批次,343,25,25,273,339,25,1,1,1,0,0,B+,综合,山东,公办,2661,5,103,AA,382,380,380,380,378,23,-2,0,0,0,0,378,369,30,3201,29,3185,26,3281,13,3678,13,3938
68112,山东大学威海分校,,本科,2020,文科,本科第一批次,343,2,2,159,339,2,1,1,1,0,0,B+,综合,山东,公办,2661,1,5,AA,378,384,380,380,383,2,0,0,378,35,3346,378,376,37,1816,33,2356,29,2625,19,2285,19,2563
69258,西南大学,(重庆),本科,2020,文科,本科第一批次,343,18,17,265,339,17,0,1,0,0,1,A-,综合,重庆,公办,6202,13,82,B+B,376,375,375,375,375,21,3,0,376,33,3866,374,366,27,3975,23,4733,24,3778,11,4281,9,5085
67204,徐州工程学院,,本科,2020,文科,本科第一批次,343,0,0,0,0,0,0,0,0,0,0,B-,理工,江苏,公办,1224,2,0,BC,0,346,346,346,348,220,36077,0,343,0,18897,0,0,0,0,0,0,0,0,0,0,0,0
67157,江苏第二师范学院,,本科,2020,文科,本科第一批次,343,0,0,0,0,0,0,0,0,0,0,B-,师范,江苏,公办,1131,8,0,BC,0,352,352,352,353,260,36077,0,349,6,15382,0,0,0,0,0,0,0,0,0,0,0,0
67766,宁波诺丁汉大学,,本科,2020,文科,本科第一批次,343,14,14,405,339,14,0,0,0,0,0,A-,综合,浙江,中外合作办学,2245,5,35,BC,343,366,366,366,366,14,0,0,343,0,18897,383,356,17,7511,0,0,15,6665,1,8247,10,4777
69090,北京师范大学-香港浸会大学联合国际学院,(珠海)★,本科,2020,文科,本科第一批次,343,5,5,487,339,5,0,0,0,0,0,A-,综合,广东,民办,5461,2,8,BB,354,360,360,360,360,6,1,0,354,11,12622,359,350,11,10370,0,0,2,13309,0,8781,6,6164
68970,湖南工业大学,(株洲),本科,2020,文科,本科第一批次,343,24,25,607,339,25,0,0,0,0,0,B,理工,湖南,公办,5332,10,23,BB,344,347,347,347,350,22,-2,0,344,1,18250,346,339,0,16782,-5,19211,0,0,0,0,0,0
67561,西交利物浦大学,(苏州)★,本科,2020,文科,本科第一批次,343,143,143,405,339,143,0,0,0,0,0,A-,综合,江苏,中外合作办学,1921,4,32,BC,343,368,368,368,368,232,89,0,343,0,18897,392,356,17,7511,20,5815,17,5879,6,6056,8,5435
68240,北京第二外国语学院,,本科,2020,文科,本科第一批次,343,11,11,373,339,11,0,0,0,0,0,B,语言,北京,公办,3132,5,111,BB,367,375,375,370,375,10,-1,0,367,24,6666,369,361,22,5554,27,3638,26,3281,13,3678,16,3181
67600,华东政法大学,(上海),本科,2020,文科,本科第一批次,343,37,37,90,339,37,0,0,0,0,0,B,政法,上海,公办,2107,9,163,BB,394,393,393,393,393,38,1,0,394,51,851,391,384,45,876,42,1012,42,898,28,958,30,1003
68214,中国矿业大学(北京),,本科,2020,文科,本科第一批次,343,7,7,339,339,7,0,1,1,0,0,A-,工科,江苏,公办,3122,3,27,AB,373,371,371,371,371,7,0,0,373,30,4702,365,362,23,5215,21,5426,18,5523,7,5665,4,6965
68079,中国石油大学(华东),(华东)(东营),本科,2020,文科,本科第一批次,343,0,0,0,0,0,0,1,1,0,1,A,理工,山东,公办,2641,1,5,,0,0,0,0,0,0,36077,0,0,0,0,0,0,0,0,0,0,0,0,0,0,0,0
69412,西安医学院,,本科,2020,文科,本科第一批次,343,0,0,0,0,0,0,0,0,0,0,B-,医药,陕西,公办,7114,1,0,BC,344,360,360,360,360,2,36077,0,344,1,18250,0,0,0,0,0,0,0,0,0,0,0,0
69071,南方医科大学,(广州),本科,2020,文科,本科第一批次,343,8,8,611,339,8,0,0,0,0,0,B+,医药,广东,公办,5422,4,10,BB,355,354,354,354,354,10,2,0,355,12,12101,356,346,7,12481,3,13940,0,0,0,0,0,0
67982,东华理工大学,(南昌),本科,2020,文科,本科第一批次,343,15,15,625,339,14,0,0,0,0,0,B+,理工,江西,公办,2541,4,13,BC,346,349,349,349,349,13,-2,0,346,3,17092,347,341,2,15521,0,15888,0,14645,0,0,0,0
67638,上海海洋大学,,本科,2020,文科,本科第一批次,343,18,18,503,339,18,0,0,0,0,1,A-,农林,上海,公办,2116,6,18,BB,363,359,359,359,359,18,0,0,0,0,0,359,352,13,9366,10,10113,5,11497,0,0,0,0
67641,上海海洋大学,,本科,2020,文科,本科第一批次,343,2,2,625,339,1,0,0,0,0,1,A-,农林,上海,公办,2116,1,3,BB,349,354,354,354,354,5,3,0,349,6,15382,352,341,2,15521,11,9597,5,11497,0,0,0,0
67731,浙江农林大学,(杭州),本科,2020,文科,本科第一批次,343,0,0,0,0,0,0,0,0,0,0,B+,林业,浙江,公办,2214,5,0,BC,349,349,349,349,355,5,36077,0,349,6,15382,0,0,0,0,0,0,0,0,0,0,0,0
68838,湖北中医药大学,(武汉),本科,2020,文科,本科第一批次,343,29,29,607,339,26,0,0,0,0,0,B,医药,湖北,公办,5211,14,51,BC,351,348,348,348,348,27,-2,0,347,4,16499,355,339,0,16782,0,15888,1,13980,8,5292,6,6164
67193,江苏师范大学,(徐州),本科,2020,文科,本科第一批次,343,640,647,538,339,644,0,0,0,0,0,B+,师范,江苏,公办,1222,29,132,BC,0,356,356,356,355,659,19,0,358,15,10603,381,347,8,11943,4,13318,5,11497,0,8781,0,8773
67403,江苏师范大学,(徐州),本科,2020,文科,本科第一批次,343,30,27,679,339,25,0,0,0,0,0,B+,师范,江苏,公办,1628,1,4,BC,343,347,347,347,347,30,0,0,343,0,18897,340,329,-10,23521,-9,22012,-10,21903,0,0,0,0
68354,华北电力大学(保定),,本科,2020,文科,本科第一批次,343,12,12,399,339,12,0,0,0,0,0,,,北京,公办,3311,4,44,B+B+,368,365,365,365,365,12,0,0,368,25,6312,362,357,18,7112,17,6967,11,8351,7,5665,2,7854
67629,上海对外经贸大学,,本科,2020,文科,本科第一批次,343,4,4,159,339,4,0,0,0,0,0,B,财经,上海,公办,2114,3,59,BB,376,386,386,386,386,7,3,0,376,33,3866,384,376,37,1816,37,1670,40,1068,24,1430,24,1713
67631,上海对外经贸大学,,本科,2020,文科,本科第一批次,343,6,6,238,339,6,0,0,0,0,0,B,财经,上海,公办,2114,3,41,BB,0,382,382,382,382,6,0,0,0,0,0,375,370,31,2963,31,2769,33,1942,22,1761,22,2023
67727,浙江财经大学,(杭州),本科,2020,文科,本科第一批次,343,33,34,462,339,34,0,0,0,0,0,B+,财经,浙江,公办,2213,12,48,BB,364,362,362,362,362,36,3,0,0,0,0,363,354,15,8403,12,9090,10,8831,4,6876,5,6550
67729,浙江财经大学,(杭州),本科,2020,文科,本科第一批次,343,7,7,607,339,6,0,0,0,0,0,B+,财经,浙江,公办,2213,3,6,BB,349,355,355,355,355,7,0,0,345,2,17642,351,339,0,16782,12,9090,0,0,0,0,0,0
69279,四川外国语大学,(重庆),本科,2020,文科,本科第一批次,343,24,26,337,339,26,0,0,0,0,0,B,语言,重庆,公办,6212,11,45,BC,365,371,371,371,371,24,0,0,365,22,7446,380,363,24,4878,19,6200,17,5879,10,4610,7,5791
67213,河海大学(常州校区),,本科,2020,文科,本科第一批次,343,79,90,402,339,90,0,1,1,0,1,A-,理工,江苏,公办,1241,3,16,BB,370,368,368,368,368,80,1,0,370,27,5660,367,359,20,6263,18,6572,16,6281,5,6437,10,4777
67251,江苏科技大学(张家港校区),,本科,2020,文科,本科第一批次,343,70,70,636,339,70,0,0,0,0,0,B+,理工,江苏,公办,1264,1,3,BC,345,348,348,348,348,70,0,0,345,2,17642,345,340,1,16146,0,15888,0,14645,0,0,0,0
69192,成都信息工程大学,,本科,2020,文科,本科第一批次,343,8,10,607,339,5,0,0,0,0,0,B,理工,四川,公办,6107,9,8,BB,346,354,354,345,354,10,2,0,346,3,17092,345,339,0,16782,0,0,0,0,0,0,0,0
68374,华北理工大学,(唐山),本科,2020,文科,本科第一批次,343,20,16,607,339,15,0,0,0,0,0,B,综合,河北,公办,3332,7,26,BB,344,348,348,348,348,14,-6,0,344,1,18250,346,339,0,16782,0,15888,0,14645,0,0,0,0
67768,温州肯恩大学,★,本科,2020,文科,本科第一批次,343,8,8,533,339,8,0,0,0,0,0,B,综合,浙江,中外合作办学,2248,7,4,BC,343,358,358,358,358,8,0,0,343,0,18897,353,348,9,11410,0,0,0,0,0,0,0,0
67865,合肥工业大学(宣城校区),(宣城),本科,2020,文科,本科第一批次,343,6,6,402,339,6,0,1,0,0,1,A-,理工,安徽,公办,2383,3,10,BB,368,367,367,367,367,6,0,0,368,25,6312,361,359,20,6263,15,7771,10,8831,1,8247,0,0
67677,上海立信会计金融学院,,本科,2020,文科,本科第一批次,343,27,27,373,339,27,0,0,0,0,0,B,财经,上海,公办,2137,13,42,BB,369,372,372,373,373,29,2,0,369,26,5989,370,361,22,5554,24,4437,22,4281,19,2285,0,0
67253,中国人民大学(苏州校区),(苏州),本科,2020,文科,本科第一批次,343,15,15,102,339,15,1,1,1,1,1,A+,综合,北京,公办,1265,3,24,A+A,389,392,392,392,392,13,-2,0,389,46,1430,391,381,42,1182,42,1012,41,972,28,958,27,1324
67283,南京林业大学(淮安校区),,本科,2020,文科,本科第一批次,343,465,465,607,339,461,0,0,0,0,1,A-,林业,江苏,公办,1345,6,9,BB,345,346,346,346,346,540,75,0,345,2,17642,353,339,0,16782,0,15888,-10,21903,0,0,0,0
67327,南京中医药大学(泰州校区),,本科,2020,文科,本科第一批次,343,0,0,0,0,0,0,0,0,0,1,A-,医药,江苏,公办,1422,1,0,BC,351,367,367,367,365,36,36077,0,351,8,14261,0,0,0,0,0,0,0,0,0,0,0,0
67348,南京中医药大学(泰州校区),,本科,2020,文科,本科第一批次,343,0,0,0,0,0,0,0,0,0,1,A-,医药,江苏,公办,1504,13,26,BC,343,347,347,347,347,36,36077,0,343,0,18897,0,0,0,0,0,0,0,0,0,0,0,0
